X,Y
4.1581277994,3.5897781214
4.1490706507,3.5906880309
4.1410209437,3.5938769674
4.377196282,3.5697781524
4.3862535774,3.568868243
4.3943031377,3.5656793798
6.9661278411,3.5897781214
6.9570705458,3.5906880309
6.9490209854,3.5938769674
7.1851963238,3.5697781524
7.1942534725,3.568868243
7.2023031795,3.5656793798
4.4701279018,3.5897781214
4.4610706064,3.5906880309
4.4530209728,3.5938769674
4.6891962378,3.5697781524
4.6982535331,3.568868243
4.7063031668,3.5656793798
4.7821278576,3.5897781214
4.7730706355,3.5906880309
4.7650210018,3.5938769674
5.0011962669,3.5697781524
5.0102534889,3.568868243
5.0183031226,3.5656793798
5.4061278791,3.5897781214
5.397070602,3.5906880309
5.3890209683,3.5938769674
5.6251962517,3.5697781524
5.6342535241,3.568868243
5.6423031464,3.5656793798
6.3421278563,3.5897781214
6.3330706343,3.5906880309
6.3250210006,3.5938769674
6.5611962656,3.5697781524
6.5702534876,3.568868243
6.5783031213,3.5656793798
5.7181278715,3.5897781214
5.709070599,3.5906880309
5.7010209768,3.5938769674
5.9371962441,3.5697781524
5.9462535211,3.568868243
5.9543031548,3.5656793798
5.0941278866,3.5897781214
5.0850705913,3.5906880309
5.0770209943,3.5938769674
5.3131962593,3.5697781524
5.322253518,3.568868243
5.3303031517,3.5656793798
6.0301278639,3.5897781214
6.0210706052,3.5906880309
6.0130209715,3.5938769674
6.2491962365,3.5697781524
6.2582535319,3.568868243
6.2663031289,3.5656793798
6.6541278854,3.5897781214
6.64507059,3.5906880309
6.6370209563,3.5938769674
6.8731962214,3.5697781524
6.8822535167,3.568868243
6.8903031504,3.5656793798
6.4100591849,4.2875577006
6.4101500438,4.2875936335
6.4073271831,4.2870511198
6.4003764367,4.2860887042
6.3872065822,4.284748773
6.3687757818,4.2833808288
6.3462603619,4.2822264288
6.3214863748,4.2814906107
6.302970802,4.2813345592
3.2558519292,3.209733575
3.2550961646,3.2088396887
3.2551340042,3.2087201934
3.2608678713,3.2141378508
3.2581400495,3.2117485684
3.2561885253,3.2098584969
4.1775745481,3.6980935035
4.1773747904,3.6983419539
4.1772320854,3.6985194919
4.177146433,3.698626044
4.1771178334,3.6986615369
4.2473020092,3.7131936157
4.2473765151,3.7123506588
4.2474777139,3.711205792
4.2476054591,3.7097601887
4.247759604,3.7080156822
4.2479400019,3.7059741791
4.2481463595,3.7036380994
4.2483786768,3.7010102298
4.2486363672,3.6980935035
4.2866877143,3.6980935035
4.2869455513,3.7010102298
4.2871777219,3.7036380994
4.2873840795,3.7059741791
4.2875644775,3.7080156822
4.2877186224,3.7097601887
4.2878463675,3.711205792
4.2879475664,3.7123506588
4.2880220722,3.7131936157
6.8542062607,3.6986615369
6.8541777344,3.698626044
6.8540920821,3.6985194919
6.8539493037,3.6983419539
6.8537496193,3.6980935035
6.6735745607,3.6980935035
6.673374803,3.6983419539
6.673232098,3.6985194919
6.6731464457,3.698626044
6.673117846,3.6986615369
6.7433020952,3.7131936157
6.7433765277,3.7123506588
6.7434777265,3.711205792
6.7436054717,3.7097601887
6.7437596166,3.7080156822
6.7439400145,3.7059741791
6.7441464455,3.7036380994
6.7443786161,3.7010102298
6.7446363798,3.6980935035
6.7826878003,3.6980935035
6.7829454906,3.7010102298
6.7831777346,3.7036380994
6.7833840922,3.7059741791
6.7835644901,3.7080156822
6.783718635,3.7097601887
6.7838463802,3.711205792
6.783947579,3.7123506588
6.7840220115,3.7131936157
6.0495745392,3.6980935035
6.0493747815,3.6983419539
6.0492320765,3.6985194919
6.0491464242,3.698626044
6.0491178612,3.6986615369
6.1193020737,3.7131936157
6.1193765429,3.7123506588
6.1194777417,3.711205792
6.1196054502,3.7097601887
6.1197595951,3.7080156822
6.119939993,3.7059741791
6.120146424,3.7036380994
6.1203786313,3.7010102298
6.1206363583,3.6980935035
6.1586877788,3.6980935035
6.1589455058,3.7010102298
6.1591777131,3.7036380994
6.1593841074,3.7059741791
6.1595645053,3.7080156822
6.1597186502,3.7097601887
6.1598463954,3.711205792
6.1599475575,3.7123506588
6.1600220633,3.7131936157
5.7375745285,3.6980935035
5.7373747937,3.6983419539
5.7372320749,3.6985194919
5.7371464226,3.698626044
5.7371178688,3.6986615369
5.6062062544,3.6986615369
5.6061777006,3.698626044
5.6060920482,3.6985194919
5.6059493295,3.6983419539
5.6057495947,3.6980935035
6.5422062317,3.6986615369
6.5421777053,3.698626044
6.542092053,3.6985194919
6.541949348,3.6983419539
6.5417495903,3.6980935035
6.3615745317,3.6980935035
6.361374774,3.6983419539
6.3612320689,3.6985194919
6.3611464166,3.698626044
6.3611178903,3.6986615369
6.4313020662,3.7131936157
6.431376572,3.7123506588
6.4314776975,3.711205792
6.4316054427,3.7097601887
6.4317595875,3.7080156822
6.4319399855,3.7059741791
6.4321464164,3.7036380994
6.4323786604,3.7010102298
6.4326363507,3.6980935035
6.4706877712,3.6980935035
6.4709454615,3.7010102298
6.4711777055,3.7036380994
6.4713841365,3.7059741791
6.4715645344,3.7080156822
6.4717186793,3.7097601887
6.4718464245,3.711205792
6.47194755,3.7123506588
6.4720220558,3.7131936157
4.4895745038,3.6980935035
4.4893748195,3.6983419539
4.4892320411,3.6985194919
4.4891463888,3.698626044
4.4891178624,3.6986615369
4.5593021117,3.7131936157
4.5593765441,3.7123506588
4.559477743,3.711205792
4.5596054882,3.7097601887
4.559759633,3.7080156822
4.559940031,3.7059741791
4.5601463886,3.7036380994
4.5603786326,3.7010102298
4.5606363229,3.6980935035
4.5986877433,3.6980935035
4.598945507,3.7010102298
4.5991776777,3.7036380994
4.5993841086,3.7059741791
4.5995645065,3.7080156822
4.5997186514,3.7097601887
4.5998463966,3.711205792
4.5999475955,3.7123506588
4.6000220279,3.7131936157
4.9822062329,3.6986615369
4.9821777066,3.698626044
4.9820920542,3.6985194919
4.9819493492,3.6983419539
4.9817495915,3.6980935035
4.8015745329,3.6980935035
4.8013747752,3.6983419539
4.8012320702,3.6985194919
4.8011464179,3.698626044
4.8011178915,3.6986615369
4.8713020674,3.7131936157
4.8713765732,3.7123506588
4.8714776987,3.711205792
4.8716054439,3.7097601887
4.8717595888,3.7080156822
4.8719399867,3.7059741791
4.8721464177,3.7036380994
4.8723786616,3.7010102298
4.872636352,3.6980935035
4.9106877724,3.6980935035
4.9109454628,3.7010102298
4.9111777068,3.7036380994
4.9113841377,3.7059741791
4.9115645356,3.7080156822
4.9117186805,3.7097601887
4.9118464257,3.711205792
4.9119475512,3.7123506588
4.912022057,3.7131936157
5.294206262,3.6986615369
5.294177699,3.698626044
5.2940920466,3.6985194919
5.2939493416,3.6983419539
5.2937495839,3.6980935035
5.1833020598,3.7131936157
5.1833765656,3.7123506588
5.1834777278,3.711205792
5.183605473,3.7097601887
5.1837596179,3.7080156822
5.1839400158,3.7059741791
5.1841464101,3.7036380994
5.1843786174,3.7010102298
5.1846363444,3.6980935035
5.2226877648,3.6980935035
5.2229454919,3.7010102298
5.2231776992,3.7036380994
5.2233841301,3.7059741791
5.223564528,3.7080156822
5.2237186729,3.7097601887
5.2238463815,3.711205792
5.2239475803,3.7123506588
5.2240220494,3.7131936157
6.9855745898,3.6980935035
6.9853748321,3.6983419539
6.9852321271,3.6985194919
6.9851464748,3.698626044
6.9851178751,3.6986615369
7.055302051,3.7131936157
7.0553765568,3.7123506588
7.0554777556,3.711205792
7.0556055008,3.7097601887
7.0557596457,3.7080156822
7.0559400436,3.7059741791
7.0561464012,3.7036380994
7.0563785719,3.7010102298
7.0566364089,3.6980935035
7.094687756,3.6980935035
7.0949454464,3.7010102298
7.0951777637,3.7036380994
7.0953841213,3.7059741791
7.0955645192,3.7080156822
7.0957186641,3.7097601887
7.0958464093,3.711205792
7.0959476081,3.7123506588
7.0960221139,3.7131936157
4.9266963275,4.2894053859
4.9293893164,4.2891588421
4.9319947463,4.2884331438
6.4166292623,4.289399666
6.4139362001,4.2891562021
6.4113306969,4.2884337305
2.8057566354,3.1840828614
2.8054222393,3.1840503017
2.8112263589,3.1846140819
2.823882666,3.1858296412
2.8423392795,3.1875676211
2.8671027801,3.1898316883
2.8962278036,3.1923887187
2.9304403417,3.1952340925
2.9670578921,3.1980705931
3.006973351,3.2008859006
3.0469146229,3.2033721285
3.087965562,3.2055241803
3.1265839159,3.2071046054
3.1639958037,3.2081374935
3.2046959202,3.2085649485
8.5375674877,3.1840828614
8.5379018839,3.1840503017
8.5320977643,3.1846140819
8.5194414571,3.1858296412
8.5009848437,3.1875676211
8.4762213431,3.1898316883
8.4470963195,3.1923887187
8.4128837814,3.1952340925
8.3762662311,3.1980705931
8.3363507722,3.2008859006
8.2964095003,3.2033721285
8.2553585612,3.2055241803
8.2167402073,3.2071046054
8.1793283195,3.2081374935
8.138628203,3.2085649485
5.4750877691,3.208553252
5.468600044,3.208557872
5.4622378825,3.2085619419
5.4539857962,3.2085649485
5.8602877542,3.208553252
5.8538000475,3.208557872
5.847437886,3.2085619419
5.8391857813,3.2085649485
6.0775800691,3.208553252
6.071092344,3.208557872
6.0647302008,3.2085619419
6.0564780962,3.2085649485
6.5286262285,3.208553252
6.5221385035,3.208557872
6.5157763236,3.2085619419
6.507524219,3.2085649485
4.8405928422,3.2085649485
4.840114201,3.2085159991
4.8450928168,3.2083781707
4.8560904898,3.2081770197
4.9319947463,4.2884331438
4.931994673,4.2884331438
4.9333874769,4.2876190066
3.5770030459,3.538564913
3.5771001381,3.5424667879
3.5773873082,3.5462186246
3.5778538494,3.5496763247
3.5784817222,3.552707083
3.5792467267,3.5551943743
3.5801195299,3.5570425729
3.5810666923,3.5581806198
3.5820515476,3.5585649553
3.5820515476,3.5585649553
3.6044873284,3.5553195528
3.6403079013,3.5420682259
3.6481600506,3.5384642275
3.6538749979,3.5357556188
3.658134442,3.5337020892
3.6613465516,3.5321385673
3.6637844168,3.5309455944
3.665640902,3.5300342182
3.6670576856,3.5293374863
3.6709818536,3.5274042953
3.6716620858,3.5270688725
7.7663210772,3.538564913
7.766223985,3.5424667879
7.765936815,3.5462186246
7.7654702737,3.5496763247
7.764842401,3.552707083
7.7640773965,3.5551943743
7.7632045932,3.5570425729
7.7622574308,3.5581806198
7.7612725756,3.5585649553
7.6716620374,3.5270688725
7.6723422696,3.5274042953
7.6762664376,3.5293374863
7.6776832212,3.5300342182
7.6795397064,3.5309455944
7.6819775716,3.5321385673
7.6851896811,3.5337020892
7.6894491253,3.5357556188
7.6951640726,3.5384642275
7.7030162219,3.5420682259
7.7388367947,3.5553195528
7.7612725756,3.5585649553
8.4361659658,2.808564946
8.4312917021,2.9776739491
8.4270736175,3.1237619049
2.9071581574,2.808564946
2.9120324211,2.9776739491
2.9162505057,3.1237619049
8.549925185,3.1190966388
8.5559017826,2.9101476451
8.5588019358,2.808564946
2.7933989382,3.1190966388
2.7874223406,2.9101476451
2.7845221874,2.808564946
7.8509995657,7.3820025847
7.8861831726,7.321062922
7.923168412,7.2570025862
7.4901557742,7.2570025862
7.4964240884,7.2678596716
7.5294520136,7.3250658307
7.5623244738,7.3820025847
7.4901557742,7.0070025892
7.4838873133,7.0178596746
7.4508593881,7.0750658246
7.4179869279,7.1320025877
7.4179869279,7.1320025877
7.4531703881,7.1929422504
7.4901557742,7.2570025862
7.9953372583,7.1320025877
7.9601536514,7.071062925
7.923168412,7.0070025892
7.923168412,7.2570025862
7.9294367262,7.2461455008
7.962464798,7.1889393508
7.9953372583,7.1320025877
7.5623244738,6.8820025907
7.5271410136,6.9429422534
7.4901557742,7.0070025892
7.923168412,7.0070025892
7.9169000977,6.9961455038
7.8838720259,6.9389393446
7.8509995657,6.8820025907
3.5116620408,7.3485089432
3.5225192087,7.3547772758
3.5797252945,7.3878052743
3.6366621034,7.4206777162
3.3866621248,7.2763401519
3.4476017141,7.3115236855
3.5116620408,7.3485089432
3.7616620194,7.3485089432
3.7725191873,7.3422405923
3.8297252731,7.3092126122
3.8866620821,7.2763401519
3.8866620821,6.9876650234
3.825722346,6.9524814899
3.7616620194,6.9154962321
3.5116620408,6.9154962321
3.5008050195,6.921764583
3.443598787,6.9547925632
3.3866621248,6.9876650234
3.7616620194,6.9154962321
3.7508049982,6.9092278995
3.6935987657,6.8761999011
3.6366621034,6.8433274591
3.6366621034,6.8433274591
3.5757223674,6.8785109744
3.5116620408,6.9154962321
5.5722069305,7.6334382851
5.5694965526,7.6511846
5.5646798275,7.6599392522
5.5571544844,7.6665393227
5.5478912806,7.6700257691
5.5419202745,7.6705410398
4.7546171754,7.6557728304
4.755424126,7.6516067752
4.75710124,7.6490376082
4.7604805476,7.6464855643
4.7646484728,7.644669852
4.7760514544,7.6705410398
4.7642802704,7.6686236886
4.7596258575,7.6657977846
4.7561258446,7.6616194828
4.7547967666,7.6578724128
4.7546171754,7.6557728304
4.7340402997,7.6555584795
4.7359720241,7.6663460182
4.7414661673,7.6758587817
4.7496868123,7.6826430633
4.762066656,7.6870650489
4.7766087813,7.6883744004
5.6792069334,7.6321736663
5.6766186777,7.6515752055
5.6728093402,7.6591741377
5.666574492,7.6650325234
5.6590851311,7.6683051323
5.6518139046,7.6691692456
5.121743801,7.6627175268
5.1275541538,7.6547773052
5.1338163448,7.6471736797
5.138502034,7.6437466326
5.1441279924,7.642157371
5.1519447221,7.6417333626
5.1001865067,7.6320025816
5.1091751261,7.6370262603
5.1175426562,7.6390754999
4.8781859346,7.6883744004
4.8967060539,7.6864659958
4.9069207559,7.6818173028
4.915077895,7.6740759589
4.9198755996,7.6638749701
4.8369248979,7.6359675225
4.8376292564,7.6557577239
4.8401516739,7.6680652984
4.8448889525,7.6761938745
4.8520581564,7.682293304
4.8637152351,7.686999123
4.8781859346,7.6883744004
4.960386445,7.6550655019
4.961622024,7.6489447326
4.9639196775,7.645535652
4.9672112795,7.6430665105
4.9724032928,7.6413099408
4.990072902,7.6403615684
4.8788075007,7.6705410398
4.8698774372,7.6694583223
4.8648294488,7.6671319958
4.8608689079,7.6632272243
4.858609094,7.6581149967
4.8575017735,7.6393112639
5.7926157843,7.6681403908
5.7857535869,7.6653484764
5.7815208175,7.6615726967
5.7779702052,7.6546170371
5.7754318928,7.6403851815
5.7752325751,7.6335454605
5.2093582288,6.5756307749
5.1893376168,6.5779870944
5.17866895,6.5835685032
5.1706994687,6.5926326185
5.1676685271,6.6001302052
5.4810464919,6.5934641356
5.4914190604,6.5948948891
5.4965854991,6.5975121255
5.500578068,6.6017184769
5.5021465032,6.6053961377
5.5024807893,6.608232345
5.5230577108,6.6084466958
5.5211260048,6.5976582771
5.5156195692,6.5881525903
5.5073934976,6.581337729
5.4949947891,6.5769327199
5.4804892017,6.5756307749
5.8662464954,6.5934641356
5.8766190639,6.5948948891
5.8817854842,6.5975121255
5.8857780531,6.6017184769
5.8873465066,6.6053961377
5.8876807928,6.608232345
5.9082577051,6.6084466958
5.9063259991,6.5976582771
5.9008195727,6.5881525903
5.892593501,6.581337729
5.8801947926,6.5769327199
5.8656892052,6.5756307749
6.1049730893,6.608232345
6.1041144025,6.6124953091
6.1023577962,6.6151341786
6.0989533355,6.6176025501
6.0949418652,6.6193353234
6.0835388102,6.5934641356
6.0939113604,6.5948948891
6.0990778174,6.5975121255
6.1030703679,6.6017184769
6.1046388031,6.6053961377
6.1049730893,6.608232345
6.1255500382,6.6084466958
6.1236183139,6.5976582771
6.1181118875,6.5881525903
6.1098858159,6.581337729
6.0974870891,6.5769327199
6.08298152,6.5756307749
6.5560192854,6.608232345
6.555160562,6.6124953091
6.5534039556,6.6151341786
6.549999495,6.6176025501
6.545987988,6.6193353234
6.534584933,6.5934641356
6.5449575199,6.5948948891
6.5501239402,6.5975121255
6.5541165274,6.6017184769
6.5556849626,6.6053961377
6.5560192854,6.608232345
6.576596161,6.6084466958
6.5746644367,6.5976582771
6.569158047,6.5881525903
6.5609319753,6.581337729
6.5485332852,6.5769327199
6.5340276795,6.5756307749
5.2506192655,6.6280376529
5.2496146471,6.6054400639
5.2470193004,6.5950076744
5.2409645304,6.5859734421
5.2334283708,6.5805208784
5.2233479405,6.5769029102
5.2093582288,6.5756307749
5.5024807893,6.608232345
5.5016220842,6.6124953091
5.4998654779,6.6151341786
5.4964610172,6.6176025501
5.4924495469,6.6193353234
5.8876807928,6.608232345
5.8868220877,6.6124953091
5.8850654813,6.6151341786
5.8816610207,6.6176025501
5.877649532,6.6193353234
5.208736626,6.5934641356
5.2176014603,6.5945336532
5.2227748105,6.5969202223
5.2268060073,6.6009690189
5.2287790911,6.6052527361
5.2300105636,6.6208183996
5.2300423165,6.6246939115
5.0168654392,6.6089396735
5.015814218,6.6146831471
5.0136673361,6.6181162075
5.0105461589,6.6206681413
5.0064555261,6.6223540552
4.9902071005,6.6236314338
4.9871789088,6.623643607
3.5770030459,7.4948588793
3.5771001381,7.4944870102
3.5773873082,7.4933857396
3.5778538494,7.4915974169
3.5784817222,7.4891906814
3.5792467267,7.4862581153
3.5801195299,7.4829123573
3.5810666923,7.4792819959
3.5820515476,7.4755065095
7.7663210772,7.4948588793
7.766223985,7.4944870102
7.765936815,7.4933857396
7.7654702737,7.4915974169
7.764842401,7.4891906814
7.7640773965,7.4862581153
7.7632045932,7.4829123573
7.7622574308,7.4792819959
7.7612725756,7.4755065095
7.7663210772,6.7691462961
7.766223985,6.7695181651
7.765936815,6.7706194357
7.7654702737,6.7724077584
7.764842401,6.7748144939
7.7640773965,6.7777470601
7.7632045932,6.7810928181
7.7622574308,6.7847231795
7.7612725756,6.7884986659
3.5770030459,6.7691462961
3.5771001381,6.7695181651
3.5773873082,6.7706194357
3.5778538494,6.7724077584
3.5784817222,6.7748144939
3.5792467267,6.7777470601
3.5801195299,6.7810928181
3.5810666923,6.7847231795
3.5820515476,6.7884986659
2.7933989382,6.6193919727
2.7874223406,6.611812657
2.7845221874,6.6081285062
2.7845221874,7.6558766692
2.7916586116,7.6468187138
2.7933989382,7.6446132026
8.549925185,6.6193919727
8.5559017826,6.611812657
8.5588019358,6.6081285062
8.5588019358,7.6558766692
8.5516655115,7.6468187138
8.549925185,7.6446132026
3.2551054045,7.0159470992
3.2600364276,7.0543946159
3.260860538,7.065987052
8.0882187186,7.0159470992
8.0832876956,7.0543946159
8.0824635851,7.065987052
8.4361659658,6.5070025677
8.4312917021,6.5129080328
8.4270736175,6.5180095172
2.9071581574,6.5070025677
2.9120324211,6.5129080328
2.9162505057,6.5180095172
8.1584884002,7.2882674058
8.157991206,7.2888297377
8.1567823933,7.2901967285
8.1549065483,7.2923181457
8.1524326035,7.2951160367
8.149451198,7.2984876078
8.1460723303,7.3023089453
8.1424197858,7.3064396542
8.138628203,7.3107279364
8.1584884002,6.9757377695
8.157991206,6.9751754377
8.1567823933,6.9738084468
8.1549065483,6.9716870297
8.1524326035,6.9688891386
8.149451198,6.9655175676
8.1460723303,6.9616962301
8.1424197858,6.9575655211
8.138628203,6.953277239
3.1848357229,7.2882674058
3.1853329172,7.2888297377
3.1865417299,7.2901967285
3.1884175749,7.2923181457
3.1908915197,7.2951160367
3.1938729252,7.2984876078
3.1972517928,7.3023089453
3.2009043373,7.3064396542
3.2046959202,7.3107279364
3.1848357229,6.9757377695
3.1853329172,6.9751754377
3.1865417299,6.9738084468
3.1884175749,6.9716870297
3.1908915197,6.9688891386
3.1938729252,6.9655175676
3.1972517928,6.9616962301
3.2009043373,6.9575655211
3.2046959202,6.953277239
8.0824635851,7.1980181234
8.0853806048,7.1966071697
8.087989188,7.195177067
8.0902470952,7.193750961
8.0921178069,7.1923519284
8.0935712568,7.1910026107
8.0945835385,7.189724838
8.0951386654,7.18853929
8.0952273977,7.1874651478
8.0824635851,7.065987052
8.0853806048,7.0673980057
8.087989188,7.0688281083
8.0902470952,7.0702542143
8.0921178069,7.0716532469
8.0935712568,7.0730025647
8.0945835385,7.0742803374
8.0951386654,7.0754658854
8.0952273977,7.0765400276
3.260860538,7.1980181234
3.2579435184,7.1966071697
3.2553349352,7.195177067
3.253077028,7.193750961
3.2512063162,7.1923519284
3.2497528664,7.1910026107
3.2487405847,7.189724838
3.2481854578,7.18853929
3.2480967255,7.1874651478
3.260860538,7.065987052
3.2579435184,7.0673980057
3.2553349352,7.0688281083
3.253077028,7.0702542143
3.2512063162,7.0716532469
3.2497528664,7.0730025647
3.2487405847,7.0742803374
3.2481854578,7.0754658854
3.2480967255,7.0765400276
8.0882187186,7.2480580762
8.0932201409,7.2452734767
8.0980376452,7.2425911943
8.1024943537,7.2401098063
8.1064265883,7.2379204741
8.1096897373,7.2361036526
8.1121638287,7.234726111
8.1137580769,7.2338384579
8.1144139627,7.233473308
8.1144139627,7.233473308
8.0996301335,7.2010586991
8.0952273977,7.1874651478
3.2289101605,7.233473308
3.2436939897,7.2010586991
3.2480967255,7.1874651478
3.2551054045,7.2480580762
3.2501039823,7.2452734767
3.2452864779,7.2425911943
3.2408297694,7.2401098063
3.2368975349,7.2379204741
3.2336343859,7.2361036526
3.2311602945,7.234726111
3.2295660462,7.2338384579
3.2289101605,7.233473308
3.2289101605,7.0305318674
3.2295660462,7.0301667174
3.2311602945,7.0292790644
3.2336343859,7.0279015228
3.2368975349,7.0260847013
3.2408297694,7.023895369
3.2452864779,7.021413981
3.2501039823,7.0187316987
3.2551054045,7.0159470992
3.2480967255,7.0765400276
3.2448850559,7.0663327001
3.2289101605,7.0305318674
8.0952273977,7.0765400276
8.0984390672,7.0663327001
8.1144139627,7.0305318674
8.1144139627,7.0305318674
8.1137580769,7.0301667174
8.1121638287,7.0292790644
8.1096897373,7.0279015228
8.1064265883,7.0260847013
8.1024943537,7.023895369
8.0980376452,7.021413981
8.0932201409,7.0187316987
8.0882187186,7.0159470992
2.9162505057,7.7459956581
2.9120324211,7.7510971425
2.9071581574,7.7570026076
8.4270736175,7.7459956581
8.4312917021,7.7510971425
8.4361659658,7.7570026076
11.9081122802,3.5897781214
11.8990550032,3.5906880309
11.8910053695,3.5938769674
12.4391806452,3.5697781524
12.4482379223,3.568868243
12.456287556,3.5656793798
11.9585294828,3.196749215
11.9517095799,3.1981809952
11.9495065987,3.198803258
11.9496088241,3.1987574618
12.4236464597,3.6455649303
12.362706797,3.6274903791
12.2986464612,3.6205649324
12.4236464597,3.7835649361
12.362706797,3.8016394873
12.2986464612,3.808564934
12.1736464627,3.7835649361
12.1127068,3.8016394873
12.0486464642,3.808564934
12.1736464627,3.6455649303
12.1127068,3.6274903791
12.0486464642,3.6205649324
12.4623215912,3.7835649361
12.427138076,3.8016394873
12.4216154615,3.802673622
11.9236464657,3.8021017753
11.9178437761,3.800767564
11.8849713342,3.7835649361
12.5486464673,3.4920609702
12.548645734,3.4918471327
12.5458829693,3.4791597326
12.537538979,3.4680545542
12.5171503845,3.4605649608
11.8301425409,3.4605649608
11.8097539464,3.4680545542
11.8014949118,3.4789722214
11.7986471914,3.4918471327
11.7986464581,3.4920609702
11.5486464428,2.808564946
11.5545519079,2.9776739491
11.5596533923,3.1237619049
12.7876395331,3.1237619049
12.7927410175,2.9776739491
12.7986464827,2.808564946
12.5486464673,3.5270688725
12.5486456974,3.5271979377
12.5418716456,3.5373803734
12.5365027543,3.538564913
11.8107901711,3.538564913
11.8054212798,3.5373803734
11.7986472281,3.5271979377
11.7986464581,3.5270688725
11.6610358478,3.1190966388
11.653456532,2.9101476451
11.6497723812,2.808564946
12.6975205442,2.808564946
12.6884625888,3.0582988561
12.6862570777,3.1190966388
11.609711284,3.2078216138
11.6095613191,3.2075990497
11.608532171,3.2050090563
11.6070051686,3.1966546895
11.604717635,3.1713400952
12.3523718114,3.2085649485
12.376097474,3.2082962216
12.3947134756,3.2074232351
12.406685994,3.2059940216
12.4123467302,3.2039868748
12.4112223782,3.2016128455
12.4032708084,3.1988720805
12.3915650553,3.1965474774
11.9526895586,3.1971433772
11.9474608606,3.1980705931
11.9375693349,3.2008859006
11.9346015875,3.2033721285
11.9384885576,3.2055241803
11.9488619328,3.2071046054
11.9660140163,3.2081374935
11.994921114,3.2085649485
12.7425752904,3.1713400952
12.7408450471,3.1919534538
12.7386520024,3.2053818053
12.7375816414,3.2078216138
12.6814211302,3.1665884801
12.7048603194,3.1656743907
12.7241655364,3.166135542
12.7371232767,3.167898015
12.7424817915,3.1707384755
12.7425752904,3.1713400952
12.1181839026,3.1893049777
12.1079765751,3.1860742784
12.1027501596,3.1851308559
12.242946533,3.1850365137
12.2427025741,3.1850776165
12.2291090228,3.1893049777
12.2897019512,3.2085649485
12.2869173517,3.2080137449
12.2842350694,3.2063804471
12.2817536813,3.2037250778
12.2795643491,3.2001451325
12.2777475276,3.195772243
12.276369986,3.1907670441
12.2756017549,3.1863002157
12.0716752757,3.1864216177
12.0709229394,3.1907670441
12.0695453978,3.195772243
12.0677285763,3.2001451325
12.0655392441,3.2037250778
12.0630578561,3.2063804471
12.0603755737,3.2080137449
12.0575909742,3.2085649485
12.0652199361,3.2092060945
12.0960384909,3.2117961245
12.107630927,3.2134114559
12.8697516907,6.4082067035
12.8694342541,6.4066901751
12.8651549204,6.4003899799
13.010400347,6.4107265431
13.0218817594,6.4093711362
13.0316806553,6.405259466
11.9872824347,7.1723646991
11.9869649511,7.1708481885
11.9826856441,7.1645479788
12.1279310601,7.1748845509
12.1394125438,7.1735290953
12.1492114139,7.1694174401
12.42851707,6.6629260282
12.4281996204,6.6614095073
12.4239202867,6.6551093121
12.5691657263,6.6654458678
12.5806471386,6.6640904609
12.5904460346,6.6599787907
12.4285170554,6.9176453744
12.4281996237,6.9161288339
12.4239202649,6.9098286541
12.5691657327,6.9201651963
12.5806471127,6.9188098005
12.5904460346,6.9146981154
13.3109863115,6.1534873788
13.3106688878,6.1519708429
13.3063895282,6.1456706627
13.4516349936,6.1560072035
13.4631163801,6.1546518115
13.472915302,6.1505401264
12.8697516956,6.6629260385
12.8694342444,6.6614095092
12.865154918,6.6551093107
13.010400351,6.665445873
13.0218817596,6.6640904607
13.0316806598,6.6599787882
13.7522209841,5.8987680241
13.7519035086,5.8972515182
13.7476242008,5.8909513081
13.8928696144,5.9012878788
13.9043510008,5.8999324868
13.9141499746,5.8958207717
13.7522209695,6.1534873704
13.7519034859,6.1519708598
13.7476241789,6.1456706501
13.8928696468,6.1560071922
13.9043510268,6.1546517965
13.9141498968,6.1505401413
11.9872824493,6.9176453529
11.9869649738,6.916128847
11.982685666,6.9098286368
12.1279310796,6.9201652075
12.1394125179,6.9188097856
12.1492113879,6.9146981304
13.3109863228,6.40820671
13.3106688651,6.4066901845
13.3063895582,6.4003899748
13.4516349742,6.4107265469
13.463116406,6.4093711212
13.4729152761,6.405259466
14.6590411273,5.8736657401
14.656151154,5.8766165515
14.6423943407,5.8872581738
14.9881480386,5.1903861438
14.9883098358,5.1857222373
14.9831492062,5.1663693639
14.9732513179,5.1494672737
14.9591033965,5.1341010648
14.9387241254,5.1188869183
14.9137958488,5.1059309093
14.8850190969,5.0957456797
14.8531515091,5.0886644587
14.8189867775,5.0849790912
14.7836243569,5.0848197292
14.7480840451,5.0882299692
14.7134131286,5.0950414081
14.6808683516,5.1049683946
14.6511593477,5.1176292726
14.6256894388,5.1322702239
14.6046032326,5.1484597236
14.5891066303,5.1648460201
14.5785725627,5.1812920423
14.5732203848,5.196655786
14.5729737158,5.2014759564
11.0549024955,7.2427656409
11.0430368976,7.2430129174
11.0077842193,7.2467222324
10.9747708257,7.2531113619
10.9443371246,7.2619812249
10.9181107322,7.2727646308
10.896219196,7.2851262241
10.8799101209,7.2979877688
10.86870146,7.3109299405
10.8625401409,7.3230603666
10.8606507404,7.3341913451
14.5676797958,5.7111698091
14.49971038,5.685897474
14.4282603686,5.6691904
14.5676797958,5.8238524459
14.49971038,5.8280973282
14.4282603686,5.8227000739
14.2751672305,5.9110788613
14.2988883925,5.900350339
14.3263677502,5.8932107567
14.3560082746,5.8900750493
14.3860874765,5.8911253952
14.414857173,5.8963007988
14.4406454907,5.9053004173
14.4619535668,5.9176013078
14.4775430524,5.9324885868
14.4865080858,5.949096979
14.4885556018,5.9621043565
14.5403322702,6.0641553804
14.5157459777,6.0766026288
14.4885555694,6.0870908285
14.6050370617,5.9247510866
14.6114168478,5.9432665423
14.6135556266,5.9621043452
14.6114168478,5.9809421332
14.6050370812,5.9994576076
14.5945254793,6.0173339704
14.5800619363,6.0342653273
14.5618939767,6.049961956
14.5403322702,6.0641553804
14.4282603686,5.8227000739
14.4592264536,5.828768285
14.4885556278,5.8371178807
14.515746002,5.8476060458
14.5403322572,5.8600533624
14.5618939783,5.8742467055
14.5800619817,5.8899433744
14.5945254728,5.9068747462
14.6050370617,5.9247510866
14.1220741961,5.9994575889
14.11569441,5.9809421332
14.1135556312,5.9621043303
14.11569441,5.9432665423
14.1220741766,5.9247510679
14.1325856748,5.906874765
14.1470492178,5.8899434081
14.1652172811,5.8742467195
14.1867788839,5.860053355
14.6423943277,5.8721400534
14.624182046,5.8181435362
14.6050370617,5.7712414127
14.6423943277,5.9848226902
14.624182046,5.9603433904
14.6050370617,5.9247510866
14.0847168264,5.8985590081
14.1029292118,5.9525554654
14.1220741961,5.9994575889
14.159431462,6.0595291925
14.2274007741,6.0848015875
14.2385556009,6.0874098838
14.4885556342,6.0879176221
14.5016216758,6.083375771
14.5403322702,6.0641553804
11.5603456465,7.3294285014
11.4923762307,7.325183679
11.4209262128,7.330580922
11.5603456465,7.4421111381
11.4923762307,7.4673835332
11.4209262128,7.4840905959
11.360631012,7.6234948523
11.362678515,7.6104874824
11.3716435095,7.5938790826
11.3872330276,7.5789918523
11.4085411426,7.5666909394
11.434329376,7.5576913022
11.4630990855,7.552515921
11.4931782809,7.5514655714
11.522818841,7.5546013068
11.5502982861,7.5617408274
11.574019325,7.5724693684
11.2441495326,7.5861416012
11.2546611345,7.5682652384
11.2691246775,7.5513338815
11.2872926371,7.5356372528
11.3088543436,7.5214438284
11.3334406361,7.50899658
11.3606310444,7.4985083803
11.3899601926,7.4901587547
11.4209262128,7.4840905959
11.3088543566,7.7255458464
11.2872926355,7.7113525033
11.2691246322,7.6956558344
11.254661141,7.6787244626
11.2441495521,7.6608481222
11.237769766,7.6423326665
11.2356309872,7.6234948636
11.237769766,7.6046570756
11.2441495326,7.5861416012
11.360630986,7.7484813281
11.3334406118,7.737993163
11.3088543566,7.7255458464
11.662407717,7.5214438358
11.6839693343,7.5356372388
11.7021373377,7.5513339077
11.7166009326,7.5682652197
11.7271124178,7.5861416199
11.7334922038,7.6046570756
11.7356309826,7.6234948785
11.7334922038,7.6423326665
11.7271124372,7.6608481409
11.2815068958,7.4852429642
11.2632944974,7.539239474
11.2441495326,7.5861416012
11.2815068958,7.3725603275
11.2632944974,7.3970396198
11.2441495326,7.4326319273
11.6106310032,7.748723568
11.6262504474,7.7447895009
11.6897551777,7.7209196809
11.6897551777,7.7209196809
11.7079674724,7.6964404484
11.7271124372,7.6608481409
11.3088543566,7.7255458464
11.3384572318,7.7407978363
11.3606310509,7.7492962657
11.3274903883,7.3124697492
11.3611311623,7.2985532873
11.3983684318,7.2881266706
11.4381264879,7.2814911312
11.4792569223,7.2788382804
11.5205715092,7.2802447846
11.5608766304,7.2856700862
11.5990081237,7.2949573633
11.6338644648,7.3078383165
11.6644385198,7.3239409625
11.6898473124,7.3427999928
11.7093566189,7.363870733
11.722403131,7.3865443317
11.7286096407,7.4101659859
11.7291309798,7.4193596855
14.2054150323,5.6510792159
14.2390557025,5.6371628139
14.2762929721,5.6267361972
14.3160511319,5.6201005979
14.3571815662,5.6174477471
14.3984960495,5.6188543112
14.4388012744,5.6242795529
14.4769327677,5.63356683
14.5117890051,5.6464478431
14.5423631638,5.6625504292
14.5677718526,5.6814095194
14.5872812629,5.7024801997
14.6003276713,5.7251538583
14.6065342847,5.7487754526
14.6070556238,5.7579691522
12.8107491233,6.4292361875
12.8369064334,6.4170082103
12.8668960706,6.4081869647
12.8994073629,6.4031580012
12.9330193969,6.4021410923
12.9662631773,6.4051806759
12.9976857841,6.4121439171
13.0259138796,6.4227265082
13.0497138013,6.4364659105
13.0680453664,6.4527616394
13.0801073674,6.4709015279
13.0853726576,6.4900927576
13.0855933057,6.494957034
13.6932184037,5.9197975157
13.7193757137,5.9075695384
13.749365338,5.8987483003
13.7818766044,5.8937193518
13.8154887031,5.8927024055
13.8487324836,5.8957419891
13.8801550774,5.9027052378
13.9083831211,5.9132878588
13.9321830427,5.9270272611
13.9505146597,5.9433229601
13.9625766737,5.9614628411
13.9678419639,5.9806540708
13.9680625472,5.9855183846
13.2519837829,6.1745168404
13.2781410412,6.1622888931
13.3081307173,6.153467625
13.3406419837,6.1484386765
13.3742540305,6.1474217601
13.407497811,6.1504613437
13.4389204048,6.1574245924
13.4671485003,6.1680071835
13.490948422,6.1817465858
13.5092799871,6.1980423147
13.5213420011,6.2161821957
13.5266072913,6.2353734255
13.5268279264,6.2402377093
13.6932183721,6.1745168521
13.7193756825,6.1622888751
13.7493653174,6.153467643
13.7818766303,6.1484386616
13.8154886772,6.1474217452
13.8487324123,6.1504613624
13.8801550126,6.1574246149
13.9083831535,6.1680071722
13.9321830751,6.1817465746
13.9505145949,6.1980423372
13.9625766024,6.2161822144
13.967841938,6.2353734105
13.9680625763,6.2402376962
13.2519837513,6.4292361768
13.2781410618,6.4170081998
13.3081306966,6.4081869677
13.3406419837,6.4031580012
13.3742540305,6.4021410848
13.4074978175,6.4051806721
13.4389203919,6.4121439396
13.4671485327,6.4227264969
13.4909484544,6.4364658993
13.5092799742,6.4527616619
13.5213420076,6.4709015242
13.5266072913,6.4900927502
13.5268279297,6.4949570358
12.3695144896,6.6839555197
12.3956717997,6.6717275425
12.425661424,6.6629063044
12.4581727422,6.6578773259
12.4917847632,6.6568604245
12.5250285436,6.6599000081
12.5564511374,6.6668632568
12.5846792589,6.6774458329
12.6084791805,6.6911852352
12.6268107197,6.7074809791
12.6388727337,6.7256208601
12.6441380239,6.7448120898
12.6443586849,6.7496763586
11.9282798373,7.1933941808
11.9544371478,7.1811662038
11.9844267826,7.1723449718
12.0169380437,7.1673160202
12.0505501424,7.1662990739
12.0837939294,7.1693386612
12.1152165297,7.1763019137
12.1434446705,7.186884471
12.1672445922,7.2006238734
12.185576112,7.216919636
12.1976381195,7.2350595132
12.2029034032,7.2542507392
12.2031240934,7.2591149949
11.9282798689,6.9386748444
11.9544371789,6.9264468672
11.9844268032,6.9176256291
12.0169381215,6.9125966506
12.0505501165,6.9115797641
12.083793897,6.9146193477
12.1152164908,6.9215825965
12.1434446381,6.9321651575
12.1672445598,6.9459045599
12.1855760731,6.9622003187
12.1976380871,6.9803401998
12.2029033773,6.9995314295
12.2031240642,7.0043956833
12.8107491176,6.683955509
12.8369064216,6.6717275357
12.8668960694,6.6629062962
12.8994073597,6.6578773278
12.9330193952,6.6568604179
12.9662631749,6.6599000095
12.99768578,6.6668632591
13.0259138881,6.6774458354
13.0497138098,6.6911852378
13.0680453623,6.7074809814
13.080107365,6.7256208615
13.085372656,6.7448120833
13.0855933057,6.7496763624
12.369514458,6.9386748561
12.3956717685,6.9264468791
12.4256614552,6.9176256171
12.4581727163,6.9125966656
12.4917847632,6.9115797492
12.5250285501,6.9146193365
12.5564511504,6.921582589
12.5846792394,6.9321651763
12.6084791611,6.9459045786
12.6268107327,6.9622003113
12.6388727402,6.9803401885
12.6441380239,6.9995314145
12.6443586623,7.0043957002
14.0100021907,6.7319356099
14.0551962076,6.7088219087
14.1048867353,6.6890215806
14.1583492452,6.6728233001
14.2148040621,6.6604633112
14.2734280831,6.6521217753
14.3333663671,6.6479203618
14.3937448648,6.6479203768
14.4536831747,6.6521217454
14.5123072086,6.6604632588
14.5687619607,6.6728233599
14.6222245743,6.6890215806
14.6719150242,6.7088219536
14.7171089374,6.7319356249
14.7571473287,6.7580255156
14.7914462971,6.7867112018
14.8195054785,6.8175745117
14.8409161216,6.8501651463
14.8553656123,6.8840080808
14.8626433847,6.9186097306
14.8634034332,6.9431591559
14.771520607,7.3475117821
14.7718028737,7.3469068484
14.7741007014,7.3417301201
14.6932546664,6.7190369347
14.6811815751,6.6961736815
14.6610887794,6.6707747378
14.6349390886,6.6472850559
14.6032648446,6.626182817
14.5667107339,6.6078976652
14.5260210026,6.59280177
14.4820239746,6.5812024459
14.4356152801,6.5733358228
14.3877396389,6.5693620771
14.3393716189,6.569362107
14.2914959517,6.5733358677
14.2450873091,6.5812024309
14.2010901839,6.5928017812
14.1604004299,6.6078976895
14.1238463873,6.6261828619
14.0921721076,6.6472850615
14.0660223942,6.6707747565
14.0459296568,6.6961736964
14.0338565525,6.7190368823
13.3627667263,7.797012723
13.3608702931,7.7979177751
13.3590512259,7.7984046369
13.1923803196,7.7900386711
13.19475633,7.7912930201
13.1970665508,7.7919276055
13.5256340844,7.9714901314
13.5450194568,7.9560917047
13.554291608,7.9385462634
13.5536673518,7.9325833422
12.295519262,8.3407062105
12.2967680983,8.354537648
12.3096400313,8.3739672756
12.3235525359,8.3849304971
13.2543048242,7.9631558208
13.2451762116,7.9621376024
13.2300017996,7.9623761271
13.2637573651,7.9428894539
13.2633659662,7.9434303992
13.2629328828,7.9449494319
13.2633942609,7.9464649516
13.2646980241,7.9478052743
13.2648434948,7.9479058665
13.3403894153,7.898650713
13.3396671428,7.9039641982
13.3418371083,7.9126245088
13.3494375651,7.9862230645
13.3497381815,7.98533058
13.3495200257,7.9835789947
13.3482645715,7.981986956
13.347011924,7.9811545367
13.3445335734,7.980217063
12.7685453603,8.2356648588
12.7731495343,8.2351665
12.7825136889,8.2355174884
12.79113625,8.2376110986
12.795705178,8.2397001405
12.8011341369,8.2440301299
12.8037220742,8.2491369667
12.8031771935,8.2544560492
12.8025665458,8.2557216576
12.8025665458,8.2557216576
12.7984900062,8.2607096131
12.7953278842,8.2631760326
12.7953278842,8.2631760326
12.8018670918,8.2605979786
12.8100119586,8.259229292
12.8184390305,8.2594393433
12.8261993553,8.2611947863
12.8303110777,8.2629894922
12.8351995975,8.2667554081
12.8375285246,8.2712383302
12.8376733072,8.2724186932
12.7721646246,8.316467343
12.7718331616,8.3141916323
12.7700814332,8.3119647865
12.7683334447,8.3107985808
12.7680919547,8.3106725239
12.6847431329,8.2572732922
12.6780037806,8.259262621
12.6737093866,8.2598674408
12.6737093866,8.2598674408
12.6702537569,8.2599914366
12.6629999799,8.2591856527
12.6565771033,8.2570095139
12.6517089329,8.2537035029
12.6489446243,8.249641279
12.6485968142,8.2452862686
12.6493372976,8.2431855159
12.6532518132,8.2343361933
12.6551971317,8.2286140161
12.6553985776,8.2269404052
12.6163779617,8.2290817314
12.6286330861,8.2194071157
12.6373405029,8.2153116056
12.6373405029,8.2153116056
12.641313944,8.2139467613
12.6451698776,8.2132184913
12.6451698776,8.2132184913
12.6493282815,8.2128198231
12.6568049849,8.2132907642
12.6636947411,8.2152019017
12.6673500002,8.2170355674
12.6716877019,8.2207562428
12.6737549613,8.2250727948
12.6738355033,8.2256007916
12.6738355033,8.2256007916
12.6728187651,8.2326307011
12.671183614,8.2358019886
12.6660061383,8.2465367977
12.666428336,8.2479337037
12.6676225637,8.2491983162
12.6694541147,8.2501653113
12.6717163804,8.250725234
12.6741540613,8.2508155675
12.6764921633,8.2504274732
12.6765611322,8.2504077782
12.6765611322,8.2504077782
12.6835373288,8.247469597
12.6886213086,8.2432121371
12.6905046519,8.2399667006
12.7017435987,8.2466332458
12.697414085,8.2494591651
12.6950003914,8.2513551059
12.6950003914,8.2513551059
12.6864403742,8.2565380151
12.6847431329,8.2572732922
13.2810250837,8.0126484858
13.2838754989,8.0101363216
13.2855845192,8.0066389958
13.2853765656,8.0036725106
13.1666646297,8.087522829
13.1663628335,8.0875883229
13.1574879481,8.0885938306
13.1486250539,8.0879084374
13.1407727403,8.0855955616
13.1348204054,8.081908849
13.1314425938,8.0772662149
13.1308338906,8.0735800277
13.1308338906,8.0735800277
13.1313225423,8.0702057378
13.1355389416,8.060425615
13.1415032483,8.0518535482
13.1461733756,8.0409257905
13.1462157775,8.0406779388
13.1462157775,8.0406779388
13.1459518914,8.0389417784
13.1446041665,8.037159631
13.1432611359,8.0362173582
13.1404780935,8.0351015688
13.1371987825,8.0345762832
13.133793033,8.0347022584
13.1335483507,8.0347371716
13.1397011035,8.0211925125
13.1435205784,8.0208116657
13.1528339813,8.0211620633
13.161409801,8.0232459928
13.1659539898,8.0253251388
13.1713535039,8.0296337749
13.1739274034,8.0347149965
13.1740894014,8.0368334671
13.1740894014,8.0368334671
13.172334591,8.0447463642
13.1699223703,8.0493808434
13.1603313177,8.0630753151
13.1591068754,8.0647678497
13.1576168699,8.0693187575
13.1576168699,8.0693187575
13.158194088,8.0708474834
13.1599017535,8.0725235021
13.1625213023,8.0737678363
13.1657577439,8.0744403076
13.1692453658,8.07446552
13.1725897219,8.0738425507
13.1732590131,8.0736275518
13.1732590131,8.0736275518
13.1826704243,8.0693329341
13.1913641063,8.0621679084
13.1954185237,8.0538740533
13.1952575044,8.0479958293
13.0913755436,8.1221308349
13.0942259459,8.1196186782
13.0959349661,8.1161213524
13.0957270126,8.1131548672
12.905353618,8.1662634491
12.9047113086,8.1671875106
12.9037367049,8.1705833112
12.9047749026,8.1739589196
12.9077088042,8.176928917
12.9104205897,8.1784507842
12.9363815582,8.0434375767
12.9357671803,8.0458745071
12.9365453647,8.0485472834
12.9387463358,8.0509443007
12.9389071672,8.0510643435
12.8931453331,8.1368207252
12.8845852875,8.1420038865
12.8828880818,8.1427391467
12.8828880818,8.1427391467
12.8761487117,8.1447282426
12.8718543274,8.1453330606
12.8718543274,8.1453330606
12.8683986896,8.1454568196
12.8611449094,8.1446508018
12.8547220393,8.142474184
12.8498538592,8.1391679316
12.8470895505,8.1351052249
12.8467417664,8.1307499563
12.8474822336,8.1286489846
12.8513969129,8.1197995937
12.8533422232,8.1140769048
12.8535436748,8.112403328
12.8145229074,8.1145430352
12.8267780626,8.1048684017
12.8354854373,8.1007729159
12.8354854373,8.1007729159
12.8394589067,8.0994083022
12.8433148185,8.0986800449
12.8433148185,8.0986800449
12.8474732196,8.0982816104
12.8549499133,8.098752789
12.8618396564,8.1006641661
12.8654949337,8.1024980758
12.869832644,8.1062192403
12.8718998952,8.1105360365
12.8719804455,8.1110640173
12.8719804455,8.1110640173
12.8709636901,8.1180944456
12.8693285581,8.1212656922
12.8641510662,8.1320012292
12.8645732655,8.13339837
12.8657674932,8.1346629825
12.8675990426,8.1356299823
12.8698613228,8.1361899004
12.8722990102,8.1362807054
12.8746371025,8.1358923772
12.8747060698,8.1358729189
12.8747060698,8.1358729189
12.8816822956,8.1329347209
12.8867662568,8.1286772679
12.8886495981,8.1254313611
12.8998885432,8.1320988635
12.8955590194,8.1349247905
12.8931453331,8.1368207252
12.7530483998,8.1798721598
12.7463958299,8.1752762592
12.7323696875,8.1683265425
12.7323696875,8.1683265425
12.7315608768,8.1680669191
12.7234344765,8.1663693103
12.7447139033,8.1540849586
12.7460583323,8.1572948425
12.7476425272,8.1595097198
12.7476425272,8.1595097198
12.7531748391,8.1642566351
12.766369783,8.172181889
12.8019410565,8.1889376978
12.8017818277,8.1880841563
12.8010237092,8.1870498068
12.8002684134,8.1864987731
12.7987029134,8.1858386714
12.7975212441,8.1855865395
13.170935239,7.9080326189
13.1703208675,7.9104695456
13.1710990584,7.9131423182
13.173300023,7.9155393393
13.1734608414,7.9156593895
13.0845110986,8.0162140856
13.0865002109,8.0144296946
13.0876930191,8.0118982764
13.0875476532,8.0097205457
13.3115635863,7.8947388735
13.3072340856,7.8975645458
13.304820392,7.8994604866
13.304820392,7.8994604866
13.2962603893,7.9046433892
13.2945631205,7.9053789198
13.2945631205,7.9053789198
13.2878237714,7.9073682506
13.2835293742,7.9079730685
13.2835293742,7.9079730685
13.2800737461,7.9080973047
13.27281994,7.907292013
13.2663970893,7.9051160987
13.2615289189,7.9018105667
13.2587645908,7.897748601
13.25841681,7.8933940566
13.2591572836,7.8912930587
13.2630719483,7.8824446305
13.2650172603,7.8767227341
13.2652187191,7.8750490857
13.2261979477,7.8771914299
13.2384530073,7.8675170911
13.2471604889,7.8634215436
13.2471604889,7.8634215436
13.2511339235,7.8620566956
13.2549898571,7.8613282011
13.2549898571,7.8613282011
13.2591482546,7.8609295291
13.2666249774,7.861400227
13.2735147401,7.8633108891
13.2771699732,7.8651443154
13.2815076685,7.8688647475
13.2835749343,7.8731808093
13.2836554893,7.873708574
13.2836554893,7.873708574
13.282638777,7.8807381991
13.2810036032,7.8839092939
13.2758260984,7.8946438765
13.2762483253,7.8960405299
13.2774425529,7.8973049029
13.2792740748,7.8982716715
13.2815363664,7.8988315793
13.283974044,7.8989219109
13.2863121233,7.898533594
13.2863811182,7.8985141235
13.2863811182,7.8985141235
13.2933572889,7.8955757178
13.2984412654,7.8913185104
13.3003246412,7.8880730478
13.5398729639,7.8992597259
13.53800518,7.9001786224
13.5361838507,7.9006619627
12.3086048914,8.3002295849
12.3109262737,8.3015160388
12.3131819053,8.3021825121
13.5405817225,7.9909244987
13.5382603401,7.9895307416
13.5360047085,7.9875929181
13.5256340779,7.9020287055
13.5473182828,7.9189047287
13.5549233829,7.9387602352
13.5474213035,7.9588990818
13.5256340844,7.9772473744
13.1532144544,7.9609596713
13.1554888588,7.9632493718
13.1563507192,7.965835787
13.1563061734,7.9660202425
13.2309065993,8.0262485751
13.2341670492,8.029273786
13.2354011591,8.0327587991
13.2353381825,8.0330075693
12.6568062942,8.5011158915
12.6544302838,8.4997532813
12.652120063,8.4978468667
13.018608657,7.9959689114
13.0230791566,7.9987170974
13.026049147,8.0005365443
13.0459419844,8.0125847343
13.049441403,8.0146796346
13.0547147727,8.0178223272
13.1576168699,8.0529813799
13.1594795721,8.0478541707
13.1603313177,8.0467388956
13.1040852663,8.0456264473
13.1051857567,8.0376845621
13.109014651,8.0327044486
13.1444775555,8.0208476932
13.1451221432,8.0213374923
13.1461438611,8.0231897458
13.1461925924,8.0239731715
12.931971799,8.0459833049
12.9363160668,8.0486540681
12.9368502008,8.0489818179
13.0412570624,8.1357309223
13.0445175156,8.1387561313
13.0457516157,8.1422411501
13.0456886392,8.1424899203
12.933764855,8.1987924011
12.9366180898,8.2019457512
12.9372856698,8.2049803654
12.996559121,8.1625420429
12.9994123598,8.1656953907
13.000079935,8.1687300078
12.8626462807,8.2398482802
12.865499509,8.2430016339
12.8661670826,8.246036252
12.7946040685,8.2562398947
12.7822261217,8.2597104057
12.7790474389,8.261143385
12.8105732673,8.2630514618
12.810663182,8.2623559345
12.8095180081,8.2600195048
12.8087846513,8.2594354481
12.7777250608,8.2437671
12.7776611994,8.2420718152
12.7758032678,8.2392640874
12.7724099957,8.2369696491
12.7700290494,8.236171777
12.8252614997,8.272679456
12.8334895402,8.2660602774
12.8337179307,8.265614119
12.7680919547,8.2943313141
12.7707504781,8.2962519427
12.7720816908,8.298574142
12.7721347503,8.299565667
12.7589542988,8.2514011919
12.7606166594,8.2512479122
12.7658948645,8.2514346837
12.7707551061,8.2526061851
12.7733298498,8.2537809142
12.7763900222,8.2562224867
12.7778487744,8.2591071568
12.7777744905,8.2614119803
12.7443510938,8.255674044
12.752148738,8.2527768718
12.7589542988,8.2514011919
12.6786440482,8.3224372324
12.6783718639,8.3122132836
12.6668573638,8.2944942752
12.6627434749,8.2916301586
12.5518435848,8.394860426
12.5647774151,8.4019104492
12.5844231849,8.4124260995
12.5475751501,8.2841472985
12.570645468,8.2814817927
12.6039233975,8.2832732601
12.6345932785,8.2912099492
12.650944574,8.2989100125
12.6702312961,8.3144680438
12.6794312163,8.3325696233
12.6775080298,8.3513186587
12.6646667683,8.368758868
12.6423639206,8.3830244005
12.6131264047,8.3925270934
12.5802324695,8.3961198897
12.5473729491,8.3932424276
12.5240590564,8.3865437432
12.6137969388,8.3439307502
12.5852503364,8.3346578645
12.5626379006,8.3196384107
12.5497826937,8.3008466299
12.5475751501,8.2841472985
12.7946040685,8.2725758351
12.7964131636,8.2723744109
12.8007713897,8.2724780538
12.8047851861,8.2733838568
12.8069118506,8.2743134249
12.8094399679,8.2762668998
12.810644534,8.2785950788
12.8103894193,8.2810372558
12.8103478778,8.2811352127
12.7790474389,8.2774786069
12.7883447456,8.2739710444
12.7946040685,8.2725758351
12.8103478778,8.2811352127
12.8067987054,8.2857209087
12.804314586,8.2876460872
12.3093136499,8.4052650916
12.3111814338,8.4039433295
12.3130027631,8.4022753437
12.3235525359,8.3918735831
12.3018683311,8.3712730882
12.2942632309,8.3469223478
12.30176579,8.3232264885
12.3235525294,8.3038106361
12.4864198875,8.5075029929
12.4883163207,8.5062003445
12.4901353879,8.5045331485
11.1564153165,8.379276205
11.1680050128,8.3575642297
11.1880978539,8.3321652299
11.2142475674,8.308675535
11.245921847,8.2875733353
11.2824758896,8.2692881629
11.3231656436,8.2541922546
11.3671626651,8.2425929642
11.4047730883,8.2359023151
10.985784114,8.6045716911
10.9865432032,8.5800002489
10.9938210534,8.545398614
11.0082705829,8.5115556871
11.0296810316,8.478965015
11.0577403167,8.448101765
11.0920392074,8.4194160339
11.1320776504,8.3933260833
14.2022850532,5.4906082905
14.2509860789,5.4817725791
14.3013147077,5.4768371164
14.3523381918,5.4758933826
14.4031108455,5.4789589345
14.4526918448,5.4859769037
14.5001622349,5.4968173141
14.5446424537,5.5112791753
14.5853081767,5.5290944809
14.6214056975,5.5499331362
14.6522660557,5.5734089583
14.6773174486,5.5990868421
14.6960956248,5.626490915
14.7082524213,5.6551134166
14.7135626882,5.6844238457
14.7138069201,5.6922352844
11.5740193833,7.978273597
11.592603639,7.9645797214
11.6049710984,7.948716226
11.6104029952,7.9316050556
11.6085835456,7.9142407019
11.5996185121,7.8976323097
11.5840289228,7.8827450906
11.5627208467,7.8704442001
11.5369326327,7.8614445217
11.5081629362,7.8562691181
11.4780837343,7.8552187722
11.4484431062,7.8583545395
11.4209637486,7.8654941218
11.3972426902,7.8762225842
11.3786583308,7.8899165196
11.3662908715,7.9057800151
11.3608590784,7.9228911256
11.362678528,7.9402554793
11.3716435614,7.9568638715
11.387233047,7.9717511505
11.3972282816,7.9782653314
11.5528061804,7.990523602
11.5321914817,7.9995481261
11.5081236115,8.0050272464
11.4823876176,8.0065545873
11.4568921674,8.0040168932
11.4335280875,7.9976024077
11.4140282718,7.9877868155
11.3998389533,7.9752980825
11.3920123625,7.961062512
11.391129054,7.9461358372
11.3972545064,7.9316251227
11.4099345346,7.9186064898
11.4282285899,7.9080455565
11.4507798632,7.9007255919
11.4759158816,7.8971894435
11.501772546,7.8976993068
11.5264319493,7.9022175015
11.5480653098,7.9104088806
11.5650683602,7.9216658247
11.5761797788,7.9351536209
11.5805756703,7.949871831
11.5779298479,7.9647289639
11.5684387048,7.9786230496
11.5528061804,7.990523602
14.4519439236,6.3168831236
14.470528283,6.3031891882
14.4828957424,6.2873256927
14.4883275354,6.2702145822
14.4865080858,6.2528502285
14.4775430524,6.2362418363
14.4619535668,6.2213545573
14.4406454907,6.2090536668
14.414857173,6.2000540483
14.3860874765,6.1948786447
14.3560082746,6.1938282988
14.3263677502,6.1969640062
14.2988883925,6.2041035885
14.2751672305,6.2148321108
14.2565829748,6.2285259863
14.2442155154,6.2443894818
14.2387836187,6.2615006522
14.2406030682,6.2788650058
14.2495681017,6.2954733981
14.265157691,6.3103606172
14.2751529255,6.3168747981
14.4307307207,6.3291331286
14.4101161257,6.3381575928
14.3860482555,6.3436367131
14.3603121578,6.3451641139
14.3348167077,6.3426264198
14.3114526277,6.3362119343
14.2919529158,6.3263962823
14.2777634936,6.3139076091
14.2699369028,6.2996720386
14.269053698,6.2847453039
14.2751791504,6.2702345894
14.2878590749,6.2572160164
14.3061531302,6.2466550831
14.3287045072,6.2393350586
14.3538405256,6.2357989102
14.3796970863,6.2363088333
14.4043564896,6.2408270281
14.4259899538,6.2490183473
14.4429929005,6.2602753512
14.4541043191,6.2737631475
14.4585002106,6.2884813576
14.4558544918,6.3033384306
14.4463633488,6.3172325164
14.4307307207,6.3291331286
12.1126828834,6.363376989
12.1139685749,6.3586058743
12.1124160951,6.3538342484
12.1084166817,6.3496472723
12.1056191639,6.3477881485
12.2042808501,6.2640043819
12.1917903091,6.273177358
12.1881930745,6.2798956132
12.1889670976,6.2869669675
12.1921254927,6.2913440353
12.4346025916,6.1580465828
12.4370097663,6.1601646636
12.4376336205,6.1619731659
12.4369717055,6.1643819466
12.4353604234,6.1667337161
12.4066997886,6.1789327876
12.4019043531,6.1731905305
12.401222228,6.1694128864
12.4027792191,6.1657227954
12.4074064406,6.1616186737
12.4090035536,6.1606310931
12.3959993996,6.1533276191
12.3841530395,6.1626773309
12.3809302031,6.1691779238
12.3817001168,6.1759784363
12.3874064957,6.1836720057
12.3911796965,6.1867647976
12.4590126976,6.163445043
12.4579516502,6.1577087978
12.4535681549,6.1526470429
12.4493042413,6.1497359959
12.7069801262,6.0008063791
12.7093873008,6.0029244598
12.7100111551,6.0047329621
12.7093492401,6.0071417428
12.707737945,6.0094935198
12.6790773232,6.0216925838
12.6742818747,6.0159503342
12.6735997626,6.0121726826
12.6751567407,6.0084825991
12.6797839622,6.0043784775
12.6813810882,6.0033908894
12.6683769342,5.9960874153
12.6565305741,6.0054371272
12.6533077377,6.01193772
12.6540776514,6.0187382325
12.6597840238,6.0264318057
12.663557231,6.0295245938
12.7313902321,6.0062048392
12.7303291847,6.0004685941
12.7259456895,5.9954068391
12.7216817694,5.9924957959
12.8606289826,5.9121067823
12.8630361701,5.9142248556
12.8636600244,5.9160333579
12.8629981094,5.9184421386
12.8613868273,5.9207939081
12.8327261925,5.9329929796
12.827930744,5.92725073
12.8272486319,5.9234730784
12.8288056229,5.9197829874
12.8334328315,5.9156788733
12.8350299575,5.9146912851
12.8220258035,5.9073878111
12.8101794434,5.9167375229
12.806956594,5.9232381233
12.8077265207,5.9300386283
12.8134328866,5.9377322052
12.8172060874,5.9408249971
12.8850391015,5.917505235
12.8839780411,5.9117689973
12.8795945458,5.9067072424
12.8753306516,5.9037961842
13.1795668065,5.7279878957
13.1819739681,5.7301059839
13.1825978224,5.7319144862
13.1819359074,5.7343232669
13.1803245993,5.7366750514
13.1516639905,5.7488741079
13.146868516,5.7431318732
13.1461864299,5.7393542067
13.147743395,5.7356641307
13.1523706035,5.7315600165
13.1539677295,5.7305724284
13.1409636015,5.7232689394
13.1291172155,5.7326186662
13.125894392,5.7391192516
13.1266642928,5.7459197716
13.1323707105,5.7536133185
13.1361438854,5.7567061254
13.2039768994,5.7333863633
13.2029158391,5.7276501256
13.1985323438,5.7225883707
13.1942684237,5.7196773274
15.3566276798,5.0545109882
15.3547312531,5.0357006578
15.3365444057,5.0115641206
12.2113588554,6.2867459239
12.2086852684,6.2825660242
12.2090086552,6.2787388612
12.2113684224,6.2754596095
12.2164514008,6.2717890849
12.0917208413,6.3565703828
12.0950387648,6.3593784352
12.0959482303,6.3616721181
12.0955457145,6.3639974557
12.0938453214,6.3663607049
12.0832591925,6.3735182223
12.0811265454,6.3747593416
11.9720695007,6.3991997768
11.9808634811,6.3990806221
11.9879153261,6.3996696306
11.9833852399,6.4380189298
11.9714446353,6.4314765628
11.9639051045,6.4229469594
11.9616833983,6.4125215583
12.0134574934,6.4206585874
12.0222561925,6.4291700321
12.0252620852,6.4389287925
12.0220854894,6.4486695622
12.0131382808,6.45712925
11.9995805605,6.4632110065
11.9831703055,6.4661262492
11.9660352626,6.4654969487
11.9503972158,6.4614047367
10.4928546568,6.9025643119
10.4916668914,6.8947640089
10.5020334191,6.8713074216
10.5278520973,6.8496129656
12.8150963726,6.4843606119
12.8411949452,6.472249896
12.8711931384,6.4636611676
12.9036882782,6.4589959995
12.9371609029,6.4584725478
12.9700458803,6.462115269
13.000805548,6.4697538577
13.0280016342,6.481031119
13.0503624287,6.4954197583
13.0668424078,6.5122469689
13.0766709869,6.5307259287
13.0793885784,6.5499925861
13.0748681208,6.5691460477
13.0660362425,6.583959557
12.8107491233,6.4719630645
12.8369064334,6.4597350873
12.8668960706,6.4509138417
12.8994073629,6.4458848782
12.9330193969,6.4448679693
12.9662631773,6.4479075529
12.9976857841,6.4548707941
13.0259138796,6.4654533852
13.0497138013,6.4791927875
13.0680453664,6.4954885164
13.0801073674,6.5136284049
13.0853726576,6.5328196346
13.0855669931,6.5393643525
13.697565653,5.97492194
13.7236641737,5.9628112541
13.7536624187,5.9542224957
13.7861575456,5.9495573351
13.8196301573,5.9490338909
13.8525151348,5.9526766122
13.8832748283,5.9603151859
13.9104708757,5.9715924696
13.932831722,5.985981079
13.9493117141,6.0028082821
13.9591402673,6.0212872568
13.9618578588,6.0405539143
13.9573374012,6.0597073759
13.9485055359,6.0745208777
13.6932184037,5.9625243927
13.7193757137,5.9502964154
13.749365338,5.9414751773
13.7818766044,5.9364462288
13.8154887031,5.9354292825
13.8487324836,5.9384688661
13.8801550774,5.9454321148
13.9083831211,5.9560147358
13.9321830427,5.9697541381
13.9505146597,5.9860498371
13.9625766737,6.0041897181
13.9678419639,6.0233809478
13.9680362475,6.0299256956
13.2563310323,6.2296412647
13.282429553,6.2175305788
13.312427798,6.2089418204
13.3449229248,6.2042766598
13.3783955366,6.2037532156
13.411280514,6.2073959369
13.4420402076,6.2150345106
13.4692362549,6.2263117943
13.4915970495,6.2407004336
13.5080770415,6.2575276367
13.5179056465,6.2760065815
13.520623238,6.295273239
13.5161027286,6.3144267305
13.5072708633,6.3292402323
13.2519837829,6.2172437174
13.2781410412,6.2050157701
13.3081307173,6.196194502
13.3406419837,6.1911655535
13.3742540305,6.1901486371
13.407497811,6.1931882207
13.4389204048,6.2001514694
13.4671485003,6.2107340605
13.490948422,6.2244734628
13.5092799871,6.2407691917
13.5213420011,6.2589090727
13.5266072913,6.2781003025
13.5268016268,6.2846450203
13.6975656213,6.2296412764
13.7236642094,6.2175305694
13.7536624001,6.2089418396
13.7861575261,6.2042766785
13.8196301865,6.2037532025
13.8525151736,6.2073959294
13.8832748607,6.2150344993
13.9104709016,6.2263117793
13.9328316507,6.2407004523
13.9493116363,6.2575276517
13.9591402446,6.2760065984
13.9618578426,6.2952732596
13.9573373753,6.3144267156
13.9485055156,6.3292402206
13.6932183721,6.2172437291
13.7193756825,6.2050157521
13.7493653174,6.19619452
13.7818766303,6.1911655385
13.8154886772,6.1901486221
13.8487324123,6.1931882394
13.8801550126,6.2001514919
13.9083831535,6.2107340492
13.9321830751,6.2244734516
13.9505145949,6.2407692142
13.9625766024,6.2589090914
13.967841938,6.2781002875
13.9680362216,6.2846450353
13.2563310006,6.4843606011
13.2824295886,6.4722498941
13.3124277793,6.4636611643
13.3449229054,6.4589960032
13.3783955398,6.4584725422
13.411280527,6.462115269
13.4420401881,6.469753854
13.469236229,6.481031134
13.4915970819,6.4954197471
13.5080770415,6.5122469614
13.5179056238,6.5307259231
13.5206232218,6.5499925843
13.5161027545,6.5691460403
13.5072708689,6.5839595603
13.2519837513,6.4719630538
13.2781410618,6.4597350768
13.3081306966,6.4509138447
13.3406419837,6.4458848782
13.3742540305,6.4448679618
13.4074978175,6.4479075491
13.4389203919,6.4548708166
13.4671485327,6.4654533739
13.4909484544,6.4791927763
13.5092799742,6.4954885389
13.5213420076,6.5136284012
13.5266072913,6.5328196272
13.5268016268,6.539364345
12.3738617389,6.7390799441
12.3999603115,6.7269692282
12.4299585047,6.7183804998
12.4624536315,6.7137153392
12.4959262692,6.71319188
12.5288112466,6.7168346012
12.5595709143,6.7244731899
12.5867669876,6.7357504587
12.609127808,6.750139083
12.6256077741,6.7669663011
12.6354363532,6.7854452609
12.6381539447,6.8047119183
12.6336334871,6.8238653799
12.6248015959,6.8386788967
12.3695144896,6.7266823967
12.3956717997,6.7144544195
12.425661424,6.7056331814
12.4581727422,6.7006042029
12.4917847632,6.6995873015
12.5250285436,6.7026268851
12.5564511374,6.7095901338
12.5846792589,6.7201727099
12.6084791805,6.7339121122
12.6268107197,6.7502078561
12.6388727337,6.7683477371
12.6441380239,6.7875389668
12.6443323594,6.7940836847
11.9326270865,7.2485186051
11.9587257264,7.2364078682
11.9887238653,7.2278191683
12.0212189913,7.2231540073
12.0546915998,7.2226305612
12.087576587,7.226273288
12.1183362741,7.233911858
12.145532315,7.245189138
12.1678931678,7.2595777511
12.1843731534,7.2764049505
12.1942017098,7.2948839271
12.1969193078,7.3141505883
12.1923988405,7.3333040443
12.1835669808,7.3481175494
11.9282798373,7.2361210578
11.9544371478,7.2238930808
11.9844267826,7.2150718488
12.0169380437,7.2100428972
12.0505501424,7.2090259509
12.0837939294,7.2120655382
12.1152165297,7.2190287907
12.1434446705,7.229611348
12.1672445922,7.2433507503
12.185576112,7.259646513
12.1976381195,7.2777863902
12.2029034032,7.2969776162
12.2030976868,7.303522364
11.9326271182,6.9937992688
11.9587256908,6.9816885529
11.9887238839,6.9730998245
12.0212190108,6.9684346639
12.0546916225,6.9679112196
12.0875766,6.9715539409
12.1183362935,6.9791925146
12.1455323409,6.9904697983
12.1678931872,7.0048584077
12.1843731274,7.0216856407
12.1942017325,7.0401645856
12.196919324,7.059431243
12.1923988664,7.0785847046
12.1835669492,7.0933982364
11.9282798689,6.9814017214
11.9544371789,6.9691737442
11.9844268032,6.9603525061
12.0169381215,6.9553235276
12.0505501165,6.9543066411
12.083793897,6.9573462247
12.1152164908,6.9643094735
12.1434446381,6.9748920345
12.1672445598,6.9886314369
12.1855760731,7.0049271957
12.1976380871,7.0230670768
12.2029033773,7.0422583065
12.2030977127,7.0488030243
12.8150963669,6.7390799332
12.8411949485,6.72696923
12.8711931457,6.7183804965
12.9036882749,6.7137153336
12.9371609029,6.7131918762
12.9700458852,6.7168346059
13.0008055516,6.7244731878
13.0280016189,6.7357504525
13.0503624314,6.7501390889
13.0668424086,6.7669662931
13.0766709885,6.7854452562
13.0793885881,6.8047119165
13.0748681144,6.8238653762
13.0660362353,6.8386788925
12.8107491176,6.726682386
12.8369064216,6.7144544127
12.8668960694,6.7056331732
12.8994073597,6.7006042048
12.9330193952,6.6995872949
12.9662631749,6.7026268865
12.99768578,6.7095901361
13.0259138881,6.7201727124
13.0497138098,6.7339121148
13.0680453623,6.7502078584
13.080107365,6.7683477385
13.085372656,6.7875389603
13.0855669833,6.7940836828
12.3738617072,6.9937992804
12.3999602953,6.9816885735
12.4299585379,6.9730998137
12.4624536639,6.9684346526
12.4959262724,6.9679112065
12.5288112596,6.9715539334
12.5595708948,6.9791925333
12.5867669876,6.9904697833
12.6091277885,7.0048584264
12.6256077741,7.0216856258
12.6354363824,7.0401645725
12.6381539804,7.0594312337
12.6336334612,7.0785847196
12.6248016016,7.0933982247
12.369514458,6.9814017331
12.3956717685,6.9691737561
12.4256614552,6.9603524941
12.4581727163,6.9553235426
12.4917847632,6.9543066262
12.5250285501,6.9573462135
12.5564511504,6.964309466
12.5846792394,6.9748920533
12.6084791611,6.9886314556
12.6268107327,7.0049271883
12.6388727402,7.0230670655
12.6441380239,7.0422582915
12.6443323594,7.0488030094
14.7741007014,7.3417301201
14.7825883808,7.3156047569
14.786204231,7.2837576607
14.7825883938,7.251910602
14.7718027959,7.2206084581
14.7540319983,7.1903867967
14.7295800268,7.1617627422
14.6988652874,7.1352260529
14.6624133418,7.1112307604
14.6208477723,7.0901875002
14.5748798975,7.0724562585
14.5252962083,7.0583404358
14.472945083,7.0480815727
14.4187223042,7.0418551796
14.363555603,7.0397678012
14.3083888369,7.0418551871
14.2541661489,7.0480815278
14.2018149717,7.0583404208
14.1522312371,7.0724562697
14.1062634045,7.090187517
14.0646978641,7.1112307903
14.0817297696,7.1374912542
14.1209264943,7.1176472066
14.1642746939,7.1009264472
14.2110325725,7.0876151062
14.2604002319,7.0779408662
14.3115328684,7.0720693255
14.363555603,7.0701009447
14.4155783764,7.072069348
14.466710987,7.0779409036
14.5160786593,7.0876150912
14.5628364926,7.1009264959
14.6061846598,7.1176472365
14.6453814104,7.1374912392
14.6797559559,7.1601190417
14.7087202666,7.185143406
14.7317787942,7.2121361285
14.7485367944,7.2406354792
14.7587077291,7.2701537069
14.762117473,7.3001858148
14.758707768,7.3302179002
14.7485368592,7.3597361429
14.7317787682,7.3882354861
14.7087203508,7.4152282348
14.6797560078,7.4402526178
14.6453813845,7.4628804053
13.5404693291,7.9909880349
13.5638756732,7.9726232907
13.5747816888,7.9509691152
13.5719817728,7.9290219513
13.5550400931,7.908651539
13.5398729639,7.8992597259
13.5361838507,7.9006619627
13.5361855749,7.9006626586
13.5505200536,7.9096043883
13.566353071,7.9289969446
13.5686939115,7.9498549341
13.5581269815,7.9703349372
13.540573361,7.9849222796
13.53600524,7.9875908301
13.5360035418,7.9875917655
12.3130027631,8.4022753437
12.3130010389,8.4022741687
12.2986665603,8.3914565507
12.2828335428,8.3681661131
12.2804927023,8.3435807777
12.2910596323,8.3203631081
12.3086132528,8.3048646474
12.3131813738,8.3021836421
12.313183072,8.3021827066
11.1867733238,8.7726212637
11.1503213556,8.7966165394
11.1196066064,8.8231532044
11.0951545896,8.8517772851
11.0773837401,8.8819989764
11.066598233,8.9133010679
11.0629823829,8.945148164
11.06659822,8.9769952228
11.0750808307,9.0031087095
11.2038052034,9.1242708937
11.1694306579,9.1016430912
11.1404663472,9.076618727
11.1174078197,9.0496260044
11.1006498194,9.0211266538
11.0904788847,8.991608426
11.0870691409,8.9615763181
11.0904788458,8.9315442327
11.1006497546,8.90202599
11.1174078456,8.8735266469
11.140466263,8.8465338981
11.1694306061,8.8215095151
11.2038052293,8.7988817276
14.7138038477,5.7567888853
14.7137012807,5.7507892095
14.7088839499,5.7209627749
14.6969804986,5.6918058131
14.6782189286,5.6638765748
14.6529583798,5.6377098718
14.6216825893,5.6138067152
14.5849904241,5.5926247791
14.543584456,5.5745696495
14.4982574857,5.5599870451
14.4498773837,5.5491562213
14.399370572,5.5422845051
14.3477040737,5.5395035192
14.2958673002,5.5408664499
14.2448526702,5.5463472764
14.1956369687,5.5558410256
14.1491627568,5.5691658522
14.1592771189,5.5954572377
14.2032727144,5.5828430589
14.2498635069,5.5738556463
14.2981573498,5.5686671538
14.3472295976,5.567376852
14.3961404889,5.5700095493
14.4439536203,5.5765147609
14.4897534463,5.5867679514
14.5326629458,5.6005728301
14.5718605779,5.6176650331
14.6065958256,5.6377172648
14.6362035978,5.6603455762
14.6601169401,5.6851167029
14.6778779114,5.7115563797
14.6891464895,5.7391583129
14.6937069491,5.7673939695
14.6914718386,5.7957227751
14.6824841321,5.8236022172
14.6669157899,5.8504985092
14.6450650239,5.8758966259
14.7953797005,5.3688059567
14.8353085114,5.3651239688
14.8737025767,5.3572269452
14.909465977,5.3452498662
14.9416409449,5.3295969637
14.9692839988,5.3106807787
14.9916741491,5.2891273153
15.0081470177,5.2654848889
15.0182354399,5.2405664788
15.0215501096,5.2150897058
15.0180580413,5.1898677592
15.0077764697,5.1657377606
14.9910785747,5.1433536658
14.9684515379,5.1235015479
14.940564099,5.1066316445
14.9082384818,5.0933103368
14.8723940241,5.0838020433
14.8339672261,5.0784012347
14.7941239287,5.0771707655
14.7537975539,5.0801719882
14.714302786,5.0872115833
14.6765899254,5.0981393954
14.641881026,5.1125004926
14.6111495539,5.1298989167
14.5852608729,5.1497244168
14.5650648685,5.1713331722
14.550962812,5.1941301506
14.5426238884,5.2228931322
14.7348431003,5.6626630436
14.7665398586,5.6359438374
14.7945691463,5.6051705559
14.8159857655,5.5726750459
14.8304790597,5.5389287479
14.8378386317,5.5044213473
14.8379578956,5.4696533658
14.830834946,5.4351293589
14.8165732572,5.4013501777
14.7953797005,5.3688059567
14.7375692412,5.7160606913
14.7319189553,5.7129411231
14.7262683322,5.7098023487
14.7258628607,5.7095763885
15.2894347243,5.3179570958
15.2999511615,5.3302756387
15.3024077918,5.3449949408
15.2965716615,5.3603820026
15.2830628654,5.3748745514
15.2799024222,5.3772666168
14.5973622376,4.8456521898
14.5962289447,4.66950323
14.5956745747,4.5838690709
15.3365444057,5.0115641206
15.3250932501,5.2146976735
15.3223031214,5.264151654
14.4374510118,4.592649553
14.4381801814,4.7351342847
14.4388048394,4.8582253486
10.5278520973,6.8496129656
10.5354745166,6.9881183089
10.5420644471,7.1077656942
14.9857268051,5.1906281341
14.9859427507,5.2151346377
14.9631641499,5.2578741704
14.9200235473,5.2935217486
14.8613212917,5.3178229955
14.7935409872,5.3278891397
14.5990948383,5.275199335
14.5941481612,5.2670836481
14.5801291065,5.2406718117
14.7236303754,5.3235133309
14.6902560397,5.3207793342
14.6775307431,5.320479419
14.7347544301,5.6645228646
14.7345870457,5.6526234946
14.7290597443,5.6215849549
14.7162627466,5.5912700024
14.6964344382,5.5622433609
14.6699442844,5.5350456835
14.6372855439,5.5101837173
14.599066774,5.4881204911
14.5559999191,5.4692670015
14.5088870551,5.4539745612
14.4586059893,5.4425279224
14.4060932614,5.4351403729
14.352327108,5.4319495297
14.2983091521,5.4330147905
14.2450455149,5.4383163686
14.1935285892,5.4477554273
14.1447177888,5.4611562578
14.0995226051,5.4782690709
14.0587847567,5.4987752573
11.0538069133,7.2369443017
11.0326133566,7.2044000806
11.0183516678,7.1706208994
11.0112287182,7.1360968926
11.0113479821,7.1013289111
11.0187075541,7.0668215104
11.0332008483,7.0330752124
11.0546174676,7.0005797025
11.0826467552,6.969806421
11.1168818915,6.9412019474
11.1568263753,6.9151812056
11.1108938292,7.2148401754
11.1094134004,7.2127509187
11.0918179338,7.1819776596
11.081276153,7.1501478881
11.077965852,7.1177979352
11.0819428385,7.0854729778
11.093139936,7.0537178408
11.111368448,7.0230676654
11.1363212698,6.9940389285
11.1675778922,6.9671208367
11.2046115834,6.9427670191
14.5512932833,5.2690525793
14.5749930233,5.2893982622
14.5826073793,5.2957857309
14.5826073793,5.2957857309
14.6240961488,5.3217846108
14.6759674453,5.3496813497
15.2799024222,5.3772666168
15.2859507905,5.3796187339
15.2915428186,5.3806193237
15.2964984438,5.3802360554
15.3006578783,5.3784813868
15.3010621313,5.3782056828
15.3432561928,5.3071260934
15.3395530726,5.2853127704
15.3223031214,5.264151654
14.7375692412,5.7160606913
14.7441980361,5.7189815641
14.7505612095,5.7203265223
14.7564320301,5.720047639
14.7616011637,5.7181548439
14.7618192871,5.7180296314
11.1749528129,7.4896796655
11.1453373274,7.4954374572
11.1061944142,7.4989396922
11.0658451977,7.4986695441
11.0254924746,7.4947268005
10.9863888471,7.4872354207
10.9495421865,7.4764829606
10.9161921784,7.4628210823
10.8870888693,7.4466530858
10.8631934514,7.4284651276
10.8450257803,7.4087522425
10.8331680901,7.3880134145
10.8278781563,7.366835713
10.829403685,7.3456763461
10.8376298523,7.3251672317
10.8524902073,7.3057451725
10.8734421119,7.2879739715
10.9000191534,7.2722888949
10.9313622422,7.2590751976
10.9665370748,7.2487190491
11.0045871801,7.2414092253
11.0538069133,7.2369443017
11.0538069133,7.2369443017
10.5692841917,7.1676924177
10.5543415575,7.1771163601
10.5471011199,7.1896129455
10.5484471434,7.2035980434
10.5579367698,7.2174837628
10.5597518895,7.2192421634
10.5070563506,7.1574537605
10.5060423736,7.1471237121
10.5177634547,7.1252884602
10.5420644471,7.1077656942
10.8622784991,7.334697997
10.8607331428,7.3414095006
10.8758192631,7.3774278085
10.9124732177,7.4101939722
10.9667743323,7.4362378696
11.0327589105,7.452501223
11.1028552824,7.4567933181
11.1503792246,7.4506453755
11.0549025084,7.2424210603
11.0548091196,7.2424068919
11.0544962461,7.2416359564
11.0541581328,7.2397924551
11.0538069133,7.2369443017
